protein,tempC,dQ,dRMSD_A,dRg_A,dRMSF_A
FASTPETASE_A82C_A130C,30,0.0,0.0,0.0,0.0
FASTPETASE_A82C_A130C,40,-0.033591091034569254,-0.07859816153844207,0.03249743749969447,0.017441113789876256
FASTPETASE_A82C_A130C,50,-0.01953144697492526,0.06078007320563003,0.03489932705196708,0.03038159261147158
FASTPETASE_A82C_A130C,60,-0.044412187715665796,0.03337730964024829,0.046983515766079176,0.08161002149184561
FASTPETASE_A82C_A130C,70,-0.020788188055195667,0.14567481974760654,0.05766615515902185,0.06673266490300492
FASTPETASE_A82C_A130C,80,-0.06685778808021359,0.14254818360010788,0.10110582087238029,0.11240712056557363
FASTPETASE_M156C_S166C,30,0.0,0.0,0.0,0.0
FASTPETASE_M156C_S166C,40,0.001644123946229148,0.06310294071833325,-0.015062325470924787,0.03889724612235995
FASTPETASE_M156C_S166C,50,-0.01861697546897545,0.04695095121860546,-0.0044385295055171525,0.033068036039670054
FASTPETASE_M156C_S166C,60,-0.055692721500721576,-0.01996589203675611,-0.01017391977925719,0.040939003229141305
FASTPETASE_M156C_S166C,70,-0.011573917748917806,0.10924004018306732,0.026312801169485756,0.09795213739077269
FASTPETASE_M156C_S166C,80,-0.10249775393688448,0.341444661219915,0.08389295139166641,0.1812791451811789
FASTPETASE_S54C_Y69C,30,0.0,0.0,0.0,0.0
FASTPETASE_S54C_Y69C,40,-0.07612698412698415,-0.026415809988975386,0.0013586133433385328,0.02454578876495403
FASTPETASE_S54C_Y69C,50,-0.03383988851070563,0.017627899845441275,0.03667096480458376,0.03711186349391965
FASTPETASE_S54C_Y69C,60,-0.11061298331298342,0.010025749603907452,0.030604119417212416,0.03665193915367168
FASTPETASE_S54C_Y69C,70,-0.11335998329156227,0.19136354327201816,0.04948144151174283,0.08840357263882971
FASTPETASE_S54C_Y69C,80,-0.07843039231300108,0.17695536216100066,0.07658814061847652,0.10178660353024865
FASTPETASE_S54C_Y69C_A82C_A130C,30,0.0,0.0,0.0,0.0
FASTPETASE_S54C_Y69C_A82C_A130C,40,0.018300593995376646,0.051442235708236694,0.02822954388024934,0.019218934079011027
FASTPETASE_S54C_Y69C_A82C_A130C,50,0.035038843822843835,0.09756796061992645,0.06899705644784593,0.041507743299007346
FASTPETASE_S54C_Y69C_A82C_A130C,60,-0.002228572299160514,0.016634091734886308,0.05951757798404289,0.057748009761174335
FASTPETASE_S54C_Y69C_A82C_A130C,70,0.010024864024864022,0.1775825768709184,0.10830735267148395,0.07459015895922974
FASTPETASE_S54C_Y69C_A82C_A130C,80,-0.03764120846473795,0.15846833586692824,0.08239690067038286,0.12043779095013904
FASTPETASE_S54C_Y69C_A82C_A130C_M156C_S166C,30,0.0,0.0,0.0,0.0
FASTPETASE_S54C_Y69C_A82C_A130C_M156C_S166C,40,-0.04707661497922366,-0.03904846807320908,0.011023741572266932,0.04736692955096565
FASTPETASE_S54C_Y69C_A82C_A130C_M156C_S166C,50,0.010211068522270605,0.05795255303382832,0.03309836610569272,0.04404565940300635
FASTPETASE_S54C_Y69C_A82C_A130C_M156C_S166C,60,0.0023998126189429536,-0.021869242191314697,0.032394007061040675,0.04565087457497896
FASTPETASE_S54C_Y69C_A82C_A130C_M156C_S166C,70,0.03252248917748912,0.025787254174550328,0.0544258312450574,0.08658597866694137
FASTPETASE_S54C_Y69C_A82C_A130C_M156C_S166C,80,-0.056409461279461226,0.0519826014836626,0.05249833064693732,0.12109690656264632
FASTPETASE_WT,30,0.0,0.0,0.0,0.0
FASTPETASE_WT,40,0.03206084559884559,-0.028398782014846663,0.02240379274184301,0.021918701628843712
FASTPETASE_WT,50,-0.04571649831649838,0.027299895882606645,0.055457912974816725,0.03969606012105935
FASTPETASE_WT,60,-0.01919574232022747,-0.02532395223776504,0.045674579698047335,0.05675036460161202
FASTPETASE_WT,70,-0.023179462140587526,0.20224802196025904,0.12583836100996448,0.0893492375810944
FASTPETASE_WT,80,-0.05316517556517564,0.2703255166610087,0.10963417650730056,0.10527330140272767
ThemoPETASE_WT,30,0.0,0.0,0.0,0.0
ThemoPETASE_WT,40,-0.03639896506985174,-0.0266811251640324,0.021957065423232613,0.05324602127075209
ThemoPETASE_WT,50,0.009856673928830828,0.08638724684715271,0.033754331712358976,0.040132751067479405
ThemoPETASE_WT,60,-0.0694865583944016,0.13348922133445712,0.031065597017305713,0.0643231347203254
ThemoPETASE_WT,70,-0.05580806037068603,0.14149516820907565,0.040874054405442006,0.08010509113470697
ThemoPETASE_WT,80,-0.006260402094561024,0.3537555287281671,0.14511177216552706,0.13036597520112977
WTPETASE_WT,30,0.0,0.0,0.0,0.0
WTPETASE_WT,40,-0.08407582114046647,-0.07148976127306611,0.023896376909458006,-0.001160986721515933
WTPETASE_WT,50,-0.010486612238036819,-0.02243461708227784,0.0031562515330341157,0.01420325289169938
WTPETASE_WT,60,0.008446098051452688,-0.0471757849057515,0.0313816024395841,0.03871915241082463
WTPETASE_WT,70,-0.06478333917798451,0.12466462949911772,0.04627873499023494,0.09718329956134128
WTPETASE_WT,80,-0.01401749146691933,0.09128399193286882,0.04134713239557719,0.08999304225047397
